gc,length,umap_1,umap_2
40.871074640997314,12674,-1.1535404,5.82053
45.75070821529745,5648,-1.8226161,6.1209407
44.539530501688,50948,-1.6637866,7.1971655
40.538083012409075,18696,-1.2843963,6.7427363
42.58758913938964,67731,-1.587164,5.9928703
37.35632183908046,13572,0.6171494,7.151412
37.7223055496036,9334,-1.0279279,7.454238
44.016506189821186,13086,0.48443735,7.496771
45.683301747736365,9498,-0.17695433,7.8644657
42.50534051098009,58515,0.37883723,7.7438564
40.56429887990926,63477,0.20124024,7.6247725
42.184714132889575,8413,-0.93345886,7.454078
43.880711695920475,41647,-0.7088888,6.8876
36.16504854368932,1236,0.428534,7.579568
41.13507860827026,56419,-1.0610477,6.7854757
45.59620596205962,1476,0.044761386,7.9353523
40.43138549576318,27261,-0.99240386,7.0944877
33.26226012793177,1407,-0.4311721,7.3393636
43.40325843893089,18782,-1.3205972,6.5574503
39.274193548387096,1240,-1.1631122,6.6054406
45.8249832999332,7485,-0.029625764,6.8261685
40.96179881099535,16989,-1.0915301,6.120321
40.04796163069545,1251,-0.5382729,5.8256903
40.30534351145038,3275,-0.7954779,6.513923
35.95166163141994,1655,-0.64938796,6.875624
44.84304932735426,1115,-0.4207748,5.677603
41.00013861935126,28856,-0.7426298,6.543615
36.71383647798742,1272,-0.9007617,6.3812904
44.515306122448976,10192,0.056123942,5.8078065
43.95866454689984,1258,-1.0753087,6.0198174
47.77870913663035,1193,-0.4419031,6.014244
40.44989775051125,2445,0.4966207,6.9517283
46.13270514330585,2547,-0.96538264,6.1011477
47.31481481481482,1080,-0.85165405,6.3570232
42.731662992814954,59429,-0.3650674,6.7289367
49.31693989071038,2928,-0.8218936,6.173762
43.96362284052876,29579,0.30849957,6.316362
42.88135593220339,1180,-0.3153965,6.4905176
39.075067024128685,2984,0.25944573,6.5095334
38.93773551049704,5573,0.5756777,7.095089
39.60897900072411,1381,-0.34330457,6.561611
41.420664206642066,1084,0.030312238,6.178757
38.996929375639716,1954,0.032268815,6.196801
43.65024288688411,1441,-0.5441573,6.2334795
42.52037252619325,3436,-0.3890182,6.1866255
38.645980253878705,1418,-0.0025478466,5.9775653
39.15894189464164,4423,-0.4128805,6.433973
36.88436830835118,1868,-0.028855393,6.2492905
39.14324207065056,43793,-0.15023251,6.033116
43.30276801782501,23338,0.19409029,6.3588886
37.89556962025316,1264,-0.25173151,6.235863
39.70070422535211,1136,-0.06028083,6.4469304
45.02043760519356,20795,0.03056654,6.3206573
41.654879773691654,1414,-0.7811086,6.2755213
32.90069423483248,3313,0.19696619,6.224256
44.013350020859406,2397,-0.3551605,6.2518067
46.72830725462305,1406,-0.19166176,6.42051
36.792854104636326,2351,0.38256156,6.845755
40.88995790739627,1663,0.1386018,7.188703
38.05774278215223,1143,-0.14962381,6.265217
44.51549039541977,74756,-0.50763553,6.7305512
39.65827338129496,2224,-0.16245821,6.532477
48.68469126781147,16422,-0.49938124,6.2393928
40.19238812212463,31083,-0.30985302,6.602332
43.02134646962233,1827,-0.62050205,6.682486
40.06410256410256,24960,-0.30181786,6.128359
33.94237526352776,1423,0.352461,7.370129
39.98970663921771,1943,-0.34518775,6.405047
40.81887701966852,33607,-0.40115914,6.658308
40.57902818366437,40378,-0.3547083,6.413604
40.539640239840104,3002,0.50995797,6.547289
38.30508474576271,6490,-0.21866842,6.5779886
43.958076448828606,4866,0.04192048,6.470472
41.23006833712984,3512,-0.43187103,6.1556883
37.833827893175076,5392,-0.26613137,6.62844
42.10996450441277,5625488,-0.19917385,6.3766236
42.14684127022437,5510617,-0.35172185,6.4570875
42.14445982371832,5511747,-0.42201215,6.388192
42.15865054606992,5515594,-0.2582264,6.859505
41.703539088356855,5571237,-0.41387066,6.6046553
41.7001091742805,5575489,0.1913462,6.623458
42.826017302146745,15605,0.25455448,6.6213803
41.07116761654245,13686,0.07454515,6.63738
38.79765949414873,10596,0.0533231,6.81858
42.69005847953216,8037,-0.107650936,7.005761
39.240325574753676,7003,-0.15158927,6.981409
38.16961027587214,6851,-0.20683302,6.5439906
44.70512268618166,4646,0.3601722,7.272645
38.55922419764489,4331,0.23432025,7.230646
35.964635301547204,3167,0.69225174,6.684466
41.709511568123396,3112,0.07054675,7.0014606
44.50926561427591,2914,-0.025614532,7.5754294
42.117416731507745,39841,0.05218224,6.8928905
41.598583100039995,35006,0.35027498,6.5881076
38.85407663497551,27768,0.037411463,6.9174376
37.60489261840421,14062,0.062697254,6.839735
40.27450980392157,71400,-0.023601014,6.7502337
42.767160984558934,32705,0.2820411,7.2324595
39.16165718927701,30775,-0.105604604,6.961811
39.21561604584527,27920,0.275133,7.0003705
41.69520012158381,111857,-0.24434999,6.8655066
40.288595556284335,85379,0.22860213,6.619984
40.9374846293837,20331,0.02997516,6.5238857
42.94117647058823,3910,0.3627658,6.981818
39.442076714451765,7743,0.19023909,7.2288237
40.246338215712385,6008,0.24377283,6.9832335
40.528105621124226,4999,0.1608669,7.054948
38.33297156500977,4607,0.10520539,6.731535
38.455846077947704,4054,0.4187204,6.971348
41.99341425207003,469195,0.23529218,6.7136493
39.963318159720686,226270,0.35358727,6.614759
41.59068865179437,211355,0.40938658,6.8413973
39.779606757599126,189298,0.3256316,6.660885
41.038376469675214,180397,0.45704207,6.528892
42.024373601005045,156809,0.4005215,6.7611904
41.71300970209271,116882,0.48021394,6.8263125
43.13350873936919,91597,0.57319856,7.0690665
43.19189527004802,76005,0.096565425,7.0355196
40.53148484766272,73718,0.37752044,6.6582947
41.69383376522054,71778,0.34266135,6.7004213
43.361846523629424,56582,0.35121453,7.0957184
41.12670195797406,43259,-0.14858913,7.8868437
41.78142050688523,42337,-1.788711,7.17202
39.64992389649924,17082,-1.5992391,6.890567
37.68693918245264,12036,-2.0113463,6.3930635
38.95679118609055,5809,0.54025203,6.495799
43.3194361723248,5037,-0.5104706,5.0598607
37.46556473829201,3630,-0.5300782,7.8531027
40.63193381948722,301962,-0.9509627,7.6589575
42.31720952398409,272785,0.29202175,7.709288
40.267757782451035,236333,-1.7698147,7.072255
40.95207227229699,194376,0.52763563,7.6731367
40.7554379776602,183708,0.53165275,7.4588556
42.75781394543816,167553,-1.6626848,6.730538
40.13674734845109,157078,0.2779141,7.8045106
39.717852378405205,155167,0.31176487,7.9585285
42.191853422168386,132080,-1.8635938,6.7722397
43.47965962648994,124334,-0.3756778,7.8445163
41.69231156242401,119257,-1.6362295,6.5093226
42.81004970778478,96162,-0.24137609,7.2439265
42.02296242400325,81089,-1.1029608,7.5575414
44.65036512502766,72304,-1.26132,7.4275093
40.664136960433254,56133,-0.8827853,6.595712
40.820681530219844,44987,-1.4622394,6.9177513
38.64223098527618,35249,-0.9679351,6.5200686
42.05826379739423,34155,-1.2501067,6.7099776
43.172077922077925,30800,-1.0571368,6.491878
41.28509719222462,27780,0.21189554,6.1041846
40.388725621159494,14972,0.6328507,7.1954947
42.273303839371344,32323,0.41697916,6.4609256
41.821384534084906,28385,1.0357039,7.1833005
36.420560377283714,25233,-0.8138213,6.5949297
38.09674217128418,22162,0.6240368,6.7972584
37.65237638679633,21903,0.76170456,6.6403766
40.96161013790533,21464,-0.5387993,6.2042685
42.153779416549185,18442,0.53328645,7.528376
37.356735507446984,18061,-0.7836051,6.41302
37.98074011265217,16511,-0.75059724,6.2227077
40.84274654143927,15758,-0.5461112,6.461315
45.36832966005476,14973,0.6373757,6.314664
37.198862786173876,13366,0.35926437,7.69748
42.62049321640057,13341,-0.5292787,6.2818036
41.30483689538808,13335,0.30290484,6.3898406
40.827466181472985,12641,0.5007983,6.7380247
36.00749446431613,11742,0.34472013,6.520712
38.67337368914656,11729,-0.3622253,6.179007
39.8117244330338,11685,-0.80062217,6.682107
40.429386719811575,11039,-1.0344751,6.236683
43.43955014058107,8536,-0.5920448,6.269422
41.88759278897137,8487,-0.29546908,6.483571
45.039706056655206,8437,-0.7665405,6.684402
41.33669306455484,8334,0.3126972,6.4528375
37.59645061728395,5184,0.34279057,6.3278246
41.105651105651106,8140,-0.8965728,6.3369985
38.97269180754226,7690,-0.5937769,7.5569854
35.75994781474233,7665,-0.54409635,6.7019978
38.06159932184233,3539,0.110640645,6.558611
41.447104453657886,7477,0.47388336,6.7958813
42.19386369807222,7366,-0.5545117,6.3589354
46.80044905978108,7126,-0.12033631,6.6280804
40.24201491487266,7107,0.33501688,6.9321756
36.91073219658977,6979,0.13981,6.9905457
41.10484110484111,6734,-0.04697246,6.472343
39.53594871012059,6551,-0.31817377,6.8893747
41.225271218889596,6268,0.31060448,6.537939
40.093654125625704,6193,0.24620384,6.603578
40.372458568255595,5853,-0.4890283,6.808555
36.24078624078624,5698,-0.3460064,7.129714
46.26168224299065,5564,-0.59574455,7.429917
44.03515332834704,5348,-0.06220999,7.678451
46.00528562715999,4919,-0.23282725,6.9202433
40.42259990813046,4354,-0.802483,6.8568687
40.81924267682782,4199,-0.44513133,7.128893
40.78431372549019,3825,-0.56660366,6.985
36.38792412503339,3743,-0.7113945,7.2385693
45.56681443951868,3158,-0.38690135,6.572082
41.83408943616332,3086,-0.2837725,6.788085
41.549549549549546,2775,-0.599467,6.9106197
41.765765765765764,2775,-0.39931074,7.687799
36.111111111111114,2664,-0.47980735,6.8997498
47.72991850989523,2577,-0.16991784,7.5295157
36.78025851938895,2553,-0.5864551,7.2407575
38.88354898336414,27050,-0.29534996,7.2989755
42.9808702964053,23785,-0.37728736,7.2303605
40.66478076379067,22624,-0.04712776,7.1617217
43.828626282018895,19793,-0.4989695,7.6782207
42.31220956952459,19583,-0.26501593,7.299382
42.71186440677966,19470,-0.2919311,7.2990575
44.778304925906404,17073,0.06595433,7.052233
45.5527795128045,16010,0.16352737,7.17799
37.132931305715786,15256,0.099302985,7.219364
43.17325143096468,14326,0.07171081,7.4906344
42.676517632721456,13129,-0.34912103,7.5798965
37.25286989795919,12544,0.16201746,7.6566463
38.76579539553401,11554,0.3102486,7.3074536
46.40936686903729,11530,-0.27026024,7.151014
38.720800889877644,8990,0.16728207,7.5288773
46.902050113895214,8780,-0.50879765,7.6269636
42.809898506101035,8769,-0.14942238,7.266695
41.05585670516144,8486,-0.3769521,7.762058
40.327359954846905,7087,0.31178108,7.1703486
36.232727272727274,6875,-0.04630759,7.3733277
41.81232750689973,6522,-0.17140685,7.7936034
39.52753285642988,6011,-0.109936595,7.0584636
37.57983193277311,5950,-0.13081163,7.6923985
37.825933756166314,5676,-0.32747453,7.498419
37.89322308107136,5563,0.10856648,7.2364635
43.822463768115945,5520,-0.020486437,7.566927
41.15602707152003,5467,0.042571012,7.9794755
38.10051736881005,5412,-0.19793214,7.5090485
35.79513824457228,5389,-0.18681177,7.5461864
40.68778979907264,5176,-0.35532716,7.4829698
41.650589496248664,4665,-0.5127644,7.37451
39.490161001788906,4472,-0.21738623,6.756554
47.097958247304426,4359,-0.15267369,7.059087
38.03384367445609,3723,0.21746486,7.405222
41.224018475750576,3464,0.23772062,7.1934547
37.40985576923077,3328,0.049487006,7.4159083
40.998487140695914,3305,-0.012149305,7.3699803
46.47447030218826,2879,0.10076103,7.295996
40.35087719298246,2508,0.11616062,7.2866507
40.89309360771012,282434,-1.416755,4.9919286
44.5858623994424,137732,-0.53225356,4.462336
40.46117001080639,136956,-1.8033769,5.692778
41.746875023154836,134961,-1.5687035,5.6519513
41.47969408204163,122255,-1.7141585,6.2120733
40.801042272678856,122041,-1.5327544,6.3283396
40.62617219735427,119967,-1.6757339,7.299168
40.52376171352075,119520,-1.5314357,6.5540204
40.00375445841937,111867,-1.3919518,7.618109
44.613391643085514,108844,-0.94883966,5.9804373
40.12239856955889,108498,-1.0348297,7.7073126
42.17245042492918,282400,-1.6975874,6.9856133
45.607961921246215,103995,-1.4909782,5.899069
41.90250349867828,102896,-1.6896003,7.02094
46.27130758734216,92338,-1.1726544,7.375928
42.212445003142676,87505,-1.220948,7.487823
40.86799276672694,80185,-1.183204,7.6682496
42.12278633519452,77191,-1.4666762,6.396526
42.11094070858569,76942,-1.1674789,7.342226
43.43002843450053,74909,-1.3322122,7.0220118
41.85941539345361,73109,-1.1506311,7.486611
46.89516069230427,67427,-1.6166937,7.1331725
40.62181164648177,234251,-1.2169508,7.159129
43.8966178758629,66201,-1.2953142,7.45718
43.157977141067796,63870,-1.4446992,7.3441
42.744524002680684,56702,-1.4055922,6.459602
41.048457991711366,55739,-1.401884,6.9650187
41.41625860542435,55343,-1.2927531,6.3401575
42.46729046865295,49909,-1.2153814,6.676819
41.67994674520404,49573,-1.0121876,6.028661
42.34404153484222,49308,-1.1876899,6.44391
40.6869193455562,48652,-0.84003514,7.3773265
40.75129370849134,47731,-0.8896425,7.4111986
41.17788405998013,216405,-1.1896601,7.047739
40.908320982426424,47230,-1.4152633,6.598226
42.916648773994076,46574,-1.3935413,6.2220645
41.5514326585461,46138,-1.1096326,7.1464567
49.13072732402926,46073,-0.9139309,6.782224
41.693342611922986,43110,-1.0406486,7.191196
42.59632235620308,38231,-0.8923961,6.4250555
40.92920353982301,36160,-1.2705933,6.2973595
42.14499398887242,35767,-1.0418334,6.5985494
42.31531837752096,35304,-1.0638543,6.23225
43.156942559927636,33165,0.73313713,6.2930665
40.57967594406188,211877,0.51701903,6.3921394
40.90794847628024,31830,-1.0531522,7.037773
40.45983000618752,30707,-1.2571201,6.311197
47.82312925170068,29400,0.6172646,6.391796
38.9618223105308,28184,-1.1730969,6.6809855
43.250602972068776,25706,-0.8407793,6.8562455
37.67084965230597,25022,-0.9258921,6.6145797
42.49487383353559,23897,-1.3424827,6.812352
39.09942237003326,22852,-1.0844209,6.859209
39.51258302928244,21378,-1.5690197,7.6563516
43.679084720121025,21152,-0.96401864,6.9564795
40.513730609211756,204543,-1.2171638,7.2685103
42.33583578827331,21046,-1.1173483,7.3015943
40.072388831437436,19340,-0.81639737,6.1620946
45.62325395769589,15034,-1.372387,7.015703
44.7626437186993,14177,0.26486662,6.435293
45.505741241863525,13673,-1.1990722,6.932069
42.05933682373473,11460,-0.9365543,7.140426
41.833212209302324,11008,-1.0535475,7.4019713
39.334916864608076,10525,0.23789814,7.2225595
36.15957555351495,9801,-0.86829484,6.7996974
42.40961380443714,9736,-1.133182,6.953796
41.787318395102,159412,-0.7873535,7.6506515
42.183438544374305,8079,-0.7958964,6.980412
39.96993714129544,7318,-0.76221454,7.3919644
48.56278366111952,6610,0.08962518,6.157501
41.47535965717784,6534,-0.88734573,7.0815387
41.24127230411172,6445,-0.8946422,7.0154376
41.85126582278481,6320,-1.1240824,6.7771206
42.91008386970938,5127,-0.63129896,7.086374
42.080709120597156,4287,-0.8846786,7.365151
39.410770345327215,4141,-0.3947488,6.7807665
37.20813457193071,3983,-0.7042471,7.182413
42.47080632550632,158596,-0.7948694,7.5144925
35.82089552238806,3685,-0.53996134,6.6888285
36.09877913429523,3604,-0.5304813,6.9474463
37.691664343462506,3587,-0.53725094,6.827576
37.857142857142854,2520,-0.78592765,6.9830213
35.868239121594144,2459,-0.8454288,7.189828
41.49359257622625,2263,-0.7617221,7.706002
38.538812785388124,2190,-0.57043993,7.114827
36.94646397884997,1513,-0.5971037,7.5527883
41.93387696611962,146545,-0.2708784,7.889177
41.638595688762955,773931,-0.6754843,7.395613
44.380552432011854,187643,0.25857303,6.840655
40.85500875830386,181542,-0.6987426,7.0478263
40.50920462591456,169480,-0.7196267,7.2187433
41.92107490859315,166563,-0.02529619,6.579285
40.293944579340014,147851,-0.39763397,7.560652
41.99807568954458,81068,-0.34342214,7.045081
41.26075268817204,74400,-0.7446231,7.2310586
43.990595019479294,58267,-0.8172703,7.39932
41.58846191840364,50615,-0.85418236,7.4096746
39.508282934525376,22818,-0.65887535,7.4534407
42.16277697205886,674346,-0.6244732,7.226948
39.8800945408428,17347,-0.2832456,6.798121
33.6283185840708,3051,-0.7265007,6.8996434
50.84148727984344,2555,0.039494254,7.034699
49.12708079577751,2463,-0.435454,7.1962447
49.95704467353952,2328,-0.38530558,6.6596885
29.914070891514502,1862,-0.90380305,7.3563204
41.434690069238826,571789,-0.098474964,6.843822
43.22482826446527,536872,0.121970065,6.921543
40.66798528779737,421147,0.105000965,6.718583
43.79926533052726,337839,0.43129817,6.4166
41.915860451480505,286524,-0.307091,7.226568
41.69271383315734,284100,-0.17789084,7.252825
41.77074732754064,228909,-0.5235844,7.5058284
51.51285930408472,1322,-0.13121106,7.5326934
55.90339892665474,1118,-0.4154976,7.5449853
43.693693693693696,1110,-0.441164,7.4116044
33.48837209302326,1075,0.5990369,6.5622134
51.45348837209303,1032,-0.043151293,6.7193003
41.20928520356513,141257,0.5434222,6.5478306
40.88858467378115,128564,-0.14278768,7.053633
43.55960682180963,119030,-0.24911973,6.984344
40.809386333514844,97333,-1.8190702,6.883346
43.334106190586596,86260,-1.036252,4.777009
40.294210213430624,85789,-1.2462224,5.117743
40.667243556761306,85516,-1.1329937,5.2987533
45.19017026162152,81874,-0.88548064,4.880777
43.439987284664575,81791,-0.5139387,4.620643
41.88832587930671,80717,-0.4171837,5.943763
41.13721337338722,462710,-1.2253029,5.149625
42.02282815472416,78850,-1.6399037,5.683968
39.71861746704929,78754,-1.8112372,6.383507
41.28247253311428,77912,-0.8446573,4.8381968
40.256973309282934,76506,-0.76469797,5.6595883
43.211550103971994,75982,-1.3875972,5.4786344
43.904041623085796,74574,-1.5355593,5.6842766
42.52512308626155,74135,-1.2144471,5.239237
39.35857656717647,72838,-1.5840455,5.9134245
41.967849223946786,72160,-1.5748682,5.662304
42.026026313897475,69545,-1.566721,6.0714273
41.941481887318425,352267,-1.289799,6.033704
42.36089808200769,68457,-1.3787595,6.2184787
39.723921711868016,65706,-1.2455192,5.7141824
40.07602847846397,62082,-1.1562681,5.378428
40.53747222627678,61659,-1.6132257,6.844963
42.69878527249987,58367,-1.1794609,5.835993
40.773382275444746,55031,-1.4211651,5.9013357
40.81235801908223,55025,-1.3277771,6.043598
41.70502189508991,53665,-1.2905563,5.8714123
43.055305710459514,50031,-0.61304027,5.8392353
42.079366349307946,49996,-0.9724476,5.206179
42.93076428514024,199088,-1.2696964,5.914503
41.68138750602216,49816,-1.2041422,6.6387877
42.94615416999958,47506,-1.3906564,6.5351987
41.19278481284802,46513,-1.3958591,6.3257694
38.98754306917572,45276,0.3466396,6.0197725
43.83797561367655,43549,-1.0059447,5.5038505
40.369613170495505,37174,-1.0153537,5.742989
39.98629966371902,32116,-0.7683465,6.098908
43.32599118942731,31780,-1.3801339,6.4557347
43.037421583212826,192242,-0.30041844,5.9670935
40.120474165700294,31044,-1.0894372,6.2154994
43.266438244411816,30645,-1.1108797,6.5485015
39.203410150526175,30028,-0.7786862,5.948544
42.25537073203583,29698,-0.9845425,5.789903
42.17585185689485,29377,-0.7019962,5.7869396
39.84869941119475,26834,-0.8180119,5.639603
38.690542809177394,26805,-0.9230913,5.7739215
39.84192149790891,26063,-0.9944053,5.472115
39.73964220290759,25657,0.6276189,6.085026
41.34046624913013,22992,-0.89955986,5.5784736
42.06835968695096,187830,-0.6034779,5.4120955
44.31958399435925,22692,-0.84873015,5.398063
40.886109632783395,22548,-0.68634963,6.0346127
41.06479156202913,19910,-0.20933299,5.887643
41.58991228070175,18240,-0.21065582,5.716322
42.78040141676505,16940,-0.6493319,5.544878
42.36212141251157,15122,-0.89283574,5.707738
40.730002973535534,13452,0.31239986,6.0107336
35.46752648549056,13026,-1.1453713,6.028306
44.44883133291219,12664,-0.5117859,5.250663
41.41610617244827,183023,0.26241863,6.244558
41.78733613229372,11671,-0.91339546,5.2616467
40.891287318304464,11489,0.46597958,6.167659
40.01256845318251,11139,0.26663795,5.6478653
40.817298533053915,10498,-0.6309013,5.338566
41.702349869451695,9575,-0.5511101,6.262887
39.67042287652975,8253,-0.5460984,5.625747
46.645561914038716,8213,-0.86029756,6.0568576
38.5445094217024,7695,-0.8445247,6.000704
32.56469807564698,6028,-0.3990237,5.5776224
36.95019992729917,5502,-0.068130344,6.228807
40.83190197085333,169419,0.021073138,6.0803385
49.87756639668488,5309,-0.8833775,6.1385937
45.605273671594084,5006,-0.8179115,6.0270233
45.58055443953395,4978,-0.41421703,5.675558
35.966562173458726,4785,0.072280146,5.998459
41.36830102622577,4385,0.155221,5.921371
45.20710059171598,4225,-0.19365521,6.091494
35.79849946409432,3732,-0.6477469,5.873691
41.56776152359923,3623,-0.39808866,5.8152685
38.91415577032405,3518,-0.15161619,6.299169
50.178677784395475,3358,-0.9456416,5.8399353
30.471666101119784,2947,-0.32179186,6.1732073
46.070091867982306,2939,-0.47022855,5.6885185
41.669614432260346,2827,0.17943957,6.157545
38.25091949325705,2447,-0.64377385,6.112076
38.77651702022693,2027,-0.45203355,5.9308624
39.57373271889401,1736,-0.15569273,5.9858108
44.11027568922306,1596,-0.6560706,5.4303327
47.30238393977415,1594,-0.79825616,5.527213
47.27653631284916,1432,0.13774991,6.169464
32.06997084548105,1372,-0.075062744,5.6932964
40.48555227326746,147255,-0.08185757,6.0166006
41.487078089280466,200783,-0.22333708,6.0034904
45.28204148142188,198836,-0.09306431,6.0235434
41.158483530142945,160900,-0.44560826,5.9912763
42.60396758792375,141799,-0.08752613,6.253208
43.34239418222897,141635,-0.0379294,5.81342
39.52216622134283,128371,-0.21902186,5.743925
42.74038090831984,116721,-0.3269363,5.577194
40.33213063188084,86472,-0.55173844,5.952994
41.97747369461048,80972,0.0031066453,5.7160764
40.79343675568046,79351,0.055238914,5.7711635
41.811454674812815,708392,0.009428495,5.897709
45.35198493946931,72773,0.28782418,5.850278
43.44581724131905,57223,0.56907177,6.0598893
43.69349791376912,46016,0.36697447,5.929581
48.770638908829866,22288,-0.04733164,5.751413
39.52393881799258,22098,-0.117366016,5.5580974
45.81099708990657,19587,-0.3662132,5.8139052
42.38565923940359,17907,-0.078880586,5.839804
37.58720435596393,17631,-0.4617111,5.7761154
43.73360362508944,16772,0.29227597,6.065405
37.63531799729364,11824,0.32339838,6.281396
42.31477566142975,645609,-0.12478686,5.6279254
40.622124056690595,10866,0.5553512,6.0345826
39.41908713692946,10122,0.31421858,5.802991
53.23817388226967,8477,-0.21199635,5.7380757
37.3447820343461,7570,0.5641322,6.0258837
38.84839650145773,5488,0.10145758,5.8428755
41.55073270265257,5391,0.06922371,5.6797633
50.15390534821085,5198,0.33881882,5.8767314
45.42011834319526,4225,0.28846622,5.6536274
44.14483821263482,3894,-0.4572713,4.6123924
50.1497005988024,3340,-0.082745545,4.803713
41.12939962683385,480751,-0.25669202,4.996627
48.996763754045304,1545,-0.16297801,5.275787
39.40548780487805,1312,-0.26318118,4.978415
52.3167649536647,1187,0.28621045,5.507642
36.10341643582641,1083,0.3893547,5.3914695
56.71785028790787,1042,-0.41230288,5.2329307
40.13883406673197,410418,0.20350778,5.2995324
43.18346791883922,376093,-0.25943136,5.399104
40.81384601749743,236949,-0.25984034,5.346201
41.80189542513715,217471,-0.4952376,5.0361967
41.11957613129038,176281,-0.7215042,4.7723927
44.12411778164986,170451,0.27605864,5.351887
43.0836854789725,153109,0.3396494,5.5054393
44.0784825627948,148619,-0.06501798,5.344278
42.62036194947935,141843,-0.70537585,5.0933104
42.66256590509666,132008,0.2529007,5.4245863
39.96748293239224,129778,-0.008699865,5.1854086
42.09737533838126,127445,-0.36930192,5.030971
40.467800825906025,125438,-0.08675877,5.1970634
40.711357707755376,120755,-0.04422353,5.140898
40.7412878228363,88009,-0.47343704,5.2578063
42.00120866787533,81081,-0.41558447,4.9087787
41.67329121515139,71703,-0.2830309,4.6220913
42.43898251738247,69898,0.040954344,5.248094
39.710816911719846,65564,-0.46770123,4.939518
49.63502473452682,62059,-0.20452629,5.183391
41.442453629787316,50733,-0.37084472,5.1894836
42.21835545483975,49424,-0.04536967,5.297982
40.97836312323612,31890,-0.1343576,5.176808
41.37156101218227,525518,-0.071171045,4.90565
47.397313355722034,30968,0.38974705,5.002042
48.18373071528752,28520,-0.104529925,5.0630016
39.84920309059012,26791,0.26128718,4.9521885
40.17195984860951,24308,0.34485582,5.2723584
36.05905080445188,17341,0.09611593,4.435572
37.79442363712027,12015,0.23331392,5.245559
39.82680343030099,11894,-0.42169687,4.849071
37.07642393655372,11096,-0.19950646,4.654962
41.78211586901763,9528,-0.21253558,4.913873
37.99237611181702,7870,0.3597177,4.403952
41.28994210583128,379831,0.56344885,4.484772
38.0044650523785,5823,0.029951837,4.559474
39.17219699615788,5726,0.07403564,4.5455756
36.70863309352518,5560,-0.28283474,4.731475
45.753033547466096,4203,-0.053403784,4.618866
50.26801667659321,3358,0.8483403,4.613217
28.145057766367138,3116,-0.05500152,4.848658
41.55381325730578,2806,0.39534292,4.599773
31.35036496350365,2740,0.17527504,5.15914
36.397889977392616,2654,0.04924824,4.583132
46.48670107185391,2519,-0.033732183,5.1055174
40.94260508689967,325778,0.48266897,4.3067393
44.531572430870824,2423,0.17994973,4.7679462
55.948869223205506,1017,0.18828091,5.0945234
43.4509204248895,256349,0.07485633,4.8635745
43.763343328038914,252467,0.40460047,4.732721
40.71463285965299,240739,0.45971003,4.8371415
40.357949851186035,200922,1.916868,5.15957
41.41400898095644,183054,0.758807,4.4548984
43.27588714760563,185623,0.24812794,4.6955643
41.74053609217023,170120,0.29601148,4.90934
40.2165548098434,167625,0.3185695,5.0229764
40.394960750946915,145736,0.37918118,4.808444
42.637444698058445,141948,1.9648442,5.580307
40.324574495349225,132666,1.1424205,4.659623
42.56486666186024,124833,0.31829253,5.025859
40.093188373641006,117182,0.56526744,4.804687
38.151369807332735,110709,0.711876,4.6621003
41.282699601283674,102830,0.81780314,4.5159245
40.27639747921758,85529,1.2382945,4.65189
41.83614676424797,81573,0.908521,4.904505
41.98748410827357,81017,0.5925284,4.73581
41.66713076409,71824,0.9159047,5.957249
45.3801302869732,52653,0.360421,4.8086624
42.60426338977024,50617,1.2008083,5.096856
44.14786547009981,47692,0.5088769,5.2103095
42.012172346362576,45513,0.49731523,5.683142
42.90355720192103,437057,0.9333682,4.9478455
41.090791390192585,43253,0.54846954,5.251228
44.60135487232934,38380,0.5491666,5.4714656
39.389475126764424,29188,0.64517933,5.4539547
40.019006388258276,18941,1.517483,4.9266243
43.18249214162861,16861,0.66240877,5.8278437
40.061512483415754,16582,0.46826848,5.614497
40.096681473739224,15308,0.49441963,5.7097673
37.76322334604543,12062,0.45755038,5.1445537
37.87426689988682,9719,0.7336627,5.044256
36.811304596060516,7006,0.8029743,4.7739177
41.8169579184495,300084,0.4088456,5.461735
37.99968647123374,6379,1.5160594,5.2317176
39.04087544254908,6214,0.47332144,5.444722
35.965848452508006,4685,0.5857561,5.0274363
50.1497005988024,3340,0.621485,5.4908433
28.32960715426381,3131,0.7597966,5.1771584
29.914070891514502,1862,0.8075154,5.153069
39.4478527607362,1630,0.68399805,5.3996453
46.81421864520456,1491,0.70816505,5.5767436
47.27272727272727,1430,0.9710138,5.0218277
46.14003590664273,1114,0.5393156,5.065787
40.669587686776765,284832,1.0651008,4.990857
36.170212765957444,1081,0.8396772,5.1625795
55.85054080629302,1017,0.56947786,4.9072657
43.433520715007745,275018,1.1390289,5.4078865
41.34526830772565,239967,1.3102658,4.8510246
41.872197813058754,222594,1.2055051,4.947066
39.889787782858484,213225,0.80101234,5.820346
41.60486399863706,187829,0.96515787,5.2771015
40.85224641037517,205105,1.2400533,5.0266857
41.664098279992,184941,1.040099,5.368162
41.67331833684058,179153,1.0757225,5.323573
41.22450205786043,166435,0.7071131,5.3390517
41.45114668092855,157062,0.9720472,5.445533
41.911715985740976,150922,0.77901584,5.6984143
42.288406852307226,145586,0.75617933,5.669061
42.07749524303754,127182,0.8532102,5.725144
42.95499674614961,119858,0.93142587,5.344427
42.17071541103405,405599,0.5987606,5.924062
40.16927371826118,112835,0.8832317,5.485701
40.15715044754159,97868,1.8834751,5.157046
41.06108134012983,91812,1.5163263,4.993582
43.12610270220076,86152,2.2349749,5.9680204
42.001996573780794,81139,2.2227674,5.3442574
40.62879120311814,77482,1.9963375,6.7109747
42.84930002744991,76503,1.1160895,5.318741
41.76954732510288,74844,1.9317443,5.6110854
42.682374263706386,72831,2.1525197,7.0506015
42.19362452408716,71179,1.9923143,5.9926558
40.98593957568822,380145,2.294333,5.766104
39.73294949928031,65306,1.6621581,5.2995033
42.15122168645407,49358,1.7373635,5.278082
36.590273896031306,35780,1.645173,5.8736706
40.3945885005637,35480,1.615019,5.4029164
45.751452123404405,28751,1.8020878,5.572805
39.397499370646976,23834,2.2482014,6.416941
45.501845510739535,22487,1.9724307,6.8301554
48.54931426243606,22093,1.0255898,5.601997
45.79291330542224,19586,0.37977055,8.757951
48.660413535782766,19297,2.0104718,5.841279
43.26224343554874,316782,1.3830158,5.6874285
39.08391842193247,17946,1.3413054,5.568991
42.383292383292385,17908,1.5590264,5.494669
43.00238079917637,15541,1.3693286,5.4155507
37.63531799729364,11824,2.0235946,5.9104958
50.209815727057105,10962,1.2691791,5.203371
52.64116575591986,9333,1.7120624,5.6604447
41.398890179377986,7749,1.1619375,5.4956646
41.19951778179626,6636,1.530478,5.418643
51.32332456276118,6461,1.2444228,5.508817
38.81864161849711,5536,1.5136793,5.7434716
36.94348537161548,5503,2.2262735,6.4715934
49.92383853769992,5252,1.1428447,5.510035
55.03508047874536,4846,1.5010772,5.30244
45.95553453169347,4228,1.6161753,5.791156
45.436451521182825,3517,1.6509877,5.7620845
34.85845010008579,3497,-1.7206516,6.1900053
47.664635915288656,3447,0.66627187,7.3850803
51.00145137880987,3445,-1.7467424,5.371664
40.776413174291804,271711,-0.4935902,7.774236
51.30662020905923,3444,-2.2368596,6.4407167
50.05988023952096,3340,0.49544188,8.288522
42.51269035532995,3152,1.3578312,5.4975843
54.80831708901884,3078,1.365645,6.1402946
43.965800723446236,3041,1.1519963,5.561817
39.1156462585034,2646,-0.63765997,4.356938
45.17997517583782,2417,1.0900376,6.3346267
43.39152119700748,2406,-1.0545126,4.583486
51.611278952668684,1986,-1.6020949,6.726304
52.85497726124305,1979,1.1238087,4.6749253
39.392201834862384,1744,2.3403556,7.25564
39.82708933717579,1735,2.286594,7.2295794
37.954939341421145,1731,0.31680158,8.955003
42.74718768502072,1689,-2.4477203,7.178363
53.75240538806928,1559,-2.1768098,7.7407637
45.15910629654705,1477,2.1509666,7.642835
37.28170083523159,1317,0.80905694,8.813938
39.43554538520213,1311,0.9495918,8.722749
42.78647980214345,1213,1.6314753,5.742173
41.881578650799014,221835,1.4079229,8.479216
38.161318300086734,1153,-2.4473252,6.659259
36.10341643582641,1083,-1.585131,8.303222
56.52591170825336,1042,1.1265455,8.859741
42.046572942907964,221502,0.53943723,8.763226
40.80559276077227,214277,-0.12449755,7.3880706
41.979850674017165,175589,1.8285595,6.276041
41.58710432922676,167374,1.749981,6.105768
38.870302504054244,156626,1.2392572,5.6227627
42.62713237832848,141919,1.2848681,8.502772
42.697306516113855,136032,0.22499935,7.767395
42.66922991607823,135245,1.0813105,8.037691
41.865314945048254,131388,2.216074,6.640763
41.646438363341076,114526,1.5890242,7.849442
42.66242568497903,93689,0.9025131,8.353074
41.72030415727156,512235,1.9257278,6.005149
41.70962670469087,82053,1.5867438,6.9488897
42.58515069835825,81620,1.323668,7.3915606
42.010864878847975,81179,0.9948825,5.7793417
41.35434779927732,81087,1.752799,5.9813666
40.15112037519541,69084,0.5856183,8.169094
39.74629052940099,65508,1.6288636,6.169507
40.50593524900042,64277,2.1280007,6.4230494
41.04792968812764,62237,1.1716552,7.964316
42.56908263536239,60652,1.7989334,6.1988864
41.343444868974565,51822,0.83845925,6.0209637
40.33041492196422,328375,1.8027694,7.726457
40.3514917965785,51381,1.1700265,6.1634355
45.521704383759236,51303,1.609306,6.5505853
39.92137670985599,49858,1.4988049,5.9532666
46.649419629570275,43679,0.9237299,6.050731
40.37915382188024,41197,0.85760707,6.2991033
41.0126582278481,35945,1.4327506,6.4144573
42.396326267745636,35713,0.22016598,7.842971
40.03285308511003,29221,1.4890554,6.7081156
42.255580118376955,28046,1.8502216,7.3991685
39.280089124505395,26031,1.2941458,7.7010455
42.39540644168888,265241,1.1182781,5.897871
41.12196553603623,23851,1.6808344,7.616409
40.30006647042066,21062,1.2812915,6.0464873
43.720198594111,20343,1.2287958,7.2895966
44.0,20100,0.8095512,6.5500975
43.521575771376526,17566,0.9580442,6.1415687
46.247704791802406,16883,0.68413335,5.974679
56.452513966480446,14320,1.239519,6.309836
34.9095966620306,13661,0.9104433,5.9317245
44.28271065825651,12366,1.1519825,5.9307537
37.75340644732469,12036,1.356673,6.183189
46.7102373415325,264092,1.1144539,6.863899
38.804110868888195,9633,1.8498513,6.5344095
37.63550135501355,8856,1.088005,6.422382
40.60578455932589,8782,1.3412975,6.4656663
40.90967164941868,7827,0.847368,6.763091
42.518153526970956,7712,1.2827392,6.8053045
37.02152246136068,6923,0.96981364,6.3493156
49.814665592264305,6205,1.3680593,6.870275
38.97124486515449,5599,0.77509725,7.210738
36.77477477477478,5550,1.5598394,6.4036007
38.04798845390583,5543,1.1151357,6.4259644
40.42729140557729,234594,1.2588336,6.9371586
50.07710100231303,5188,1.2014948,6.101622
43.25273010920437,5128,1.581452,7.05207
43.41950646298472,5106,1.5532879,6.5223627
34.6687822292741,5042,1.5942817,6.6880054
50.1497005988024,3340,1.479219,6.7442546
41.49274849663955,2827,1.7758126,6.5969877
48.306389530408005,2598,0.87869865,6.3771806
42.170604725670806,2497,1.9704121,7.0107265
40.60606060606061,2475,1.2599285,7.430999
41.2589422168425,229669,0.8589427,8.630793
32.045158488927484,2303,-1.8835603,8.088106
47.089446284902984,2113,1.6431305,7.9223547
55.65449688334817,1123,1.5094033,8.1122265
41.23134328358209,1072,0.7690449,8.677579
37.73946360153257,1044,-0.51837325,8.441879
42.80155642023346,1028,1.0129873,8.339141
36.7704280155642,1028,0.6684292,8.437803
41.63288451895003,213377,1.846468,7.598917
43.789764723748085,190967,1.5463663,8.069451
42.03448239072219,187458,1.997246,7.256551
41.5720421250809,16997,1.2491871,8.294309
40.928994082840234,16900,0.14970715,8.500125
50.87968722232095,16881,1.2640619,6.9764633
42.41837968561064,16540,0.8210479,7.8016
46.38986971873859,16426,1.4179682,7.1655126
46.151948692649235,16216,1.6818103,7.4880843
43.1228157763355,16024,1.2095617,7.9962626
42.972668004012036,15952,1.4861317,6.233056
37.52932969750777,15769,1.5969867,7.2458754
53.657908294693456,15528,1.6737119,7.065055
42.38372528928098,80026,0.64771014,8.58608
40.10469780406554,14709,1.508033,7.0687447
52.937938626668505,14534,2.0423257,7.172696
43.351839000693964,14410,1.6897861,7.411301
42.24162407722885,14088,1.7892084,7.5267673
46.442673558762294,13929,1.3631151,6.341251
41.355932203389834,13570,1.8409344,7.0186114
40.79752284570652,13241,1.1223494,6.202709
37.73342405685341,13227,1.8059294,6.747185
36.52953156822811,12275,1.5183301,7.8355966
41.129361771676066,12237,1.2695446,6.2135057
40.29109610731794,78943,1.7149189,7.3744497
44.63647199046484,11746,1.7721739,7.0959744
48.64450127877238,11730,1.7427225,7.4474335
40.22638223770135,11485,1.6279076,7.143425
38.33260584897425,11455,1.2446407,5.890062
38.98649245166416,11327,1.2349783,6.8995333
39.547258297258296,11088,0.96344787,6.0999646
43.4145016746628,11047,1.7224633,6.770388
42.610382412710145,10826,0.9007983,6.5929317
40.91756807161507,10724,1.5731125,7.7988415
45.62181543687488,10598,0.6930209,8.133424
43.21639686833555,69867,0.8836644,6.0726185
45.53131597466573,9947,0.7981734,6.592952
39.12386706948641,9930,1.2887039,6.8015885
41.68135171555924,9647,0.99910146,7.003485
41.81510710259301,8870,1.3437457,6.7856183
38.71521813809687,8733,1.2755178,7.8185306
41.50293002412961,8703,1.3605672,7.294991
40.829668370379174,8413,1.267599,7.036056
43.22540473225405,8030,0.88363475,6.3176494
40.97213544920655,8003,0.9177144,7.52462
40.024567509468724,68383,0.92282724,7.748569
38.87214267771917,7962,0.7526908,7.5404167
48.424543946932005,7839,1.2463639,6.710136
39.915427985648385,7804,1.2958694,7.429124
39.50855525537116,7773,1.0694245,6.5001125
43.74756018217307,7685,0.19305809,7.9207954
38.43244653103808,7668,1.1849321,6.7045574
39.4974740760436,7522,1.1580915,7.0789323
44.9259901320176,7499,0.7651483,6.99993
42.23952738990333,7448,0.11049954,7.8195505
40.858032210041955,7389,1.1981682,6.7964025
43.10210214634002,67883,1.1348757,7.546948
43.64041191205121,7186,0.7193574,7.463869
38.53507662027274,7113,0.933841,6.7818136
34.00917566967589,6757,0.8524264,7.9333544
38.16491388507849,6561,0.59572184,7.3680596
49.57789716039908,6515,0.8042279,7.6514134
37.940086473131565,6476,0.67581654,7.0294333
42.43832105094521,6242,0.61044055,6.9141183
42.19613259668508,5792,0.97634995,7.184597
38.052173913043475,5750,0.97333556,7.78753
39.189189189189186,5698,0.8192756,7.248317
40.39998710758719,62052,1.1371568,7.176089
46.86007429683354,5653,0.5485055,7.5296297
39.264130821187344,5626,0.95156705,6.610677
38.46996530947599,5477,0.96210164,6.811914
40.10387683175663,5391,-0.16989186,7.913944
40.993093149150646,5357,0.8381082,7.148467
46.25047582794062,5254,0.83565766,6.437107
38.41288096607246,5217,0.08951855,7.469654
36.23244929797192,5128,0.85621524,7.2382126
41.06515801794772,5126,0.328909,7.9027457
35.91549295774648,4970,0.53246355,7.4782867
43.39876221606465,60269,0.5313521,7.610769
43.58766233766234,4928,0.6305663,7.1475697
39.445585215605746,4870,0.21129635,7.4559293
37.079115885147694,4841,1.0651675,7.2965193
34.793597304128056,4748,0.6450852,7.1114607
35.99660008499787,4706,0.42460114,7.3514104
36.39492363949236,4649,0.5795976,7.316211
35.38827601124811,4623,0.48579943,7.3964276
41.63005272407733,4552,0.9013758,6.912439
39.40298507462686,4355,0.2600083,7.8787518
37.91969945996713,4259,0.3406112,7.9597144
40.55174480554076,60064,1.0676109,7.61892
45.917159763313606,4225,0.9764149,7.7334166
36.67068757539204,4145,0.71591717,8.002012
37.31884057971015,4140,0.56545144,7.7862844
49.75657254138267,4108,0.4915403,7.97744
38.59736383984084,4021,1.2388638,7.574798
38.459602315630505,3973,1.0729827,7.426151
44.0,3825,0.877801,7.4250855
50.119760479041915,3340,1.1393379,7.399741
28.29766847652507,3131,0.9080247,7.7848964
56.721311475409834,3050,1.1438386,7.702422
42.182954963388944,59818,0.33463183,8.254014
47.29145895646394,3009,1.0410496,8.019361
33.67697594501718,2910,0.5085654,8.081738
36.40457222029789,2887,0.4738124,8.026634
41.85314685314685,2860,0.64696676,7.894788
34.52252252252252,2775,0.88213474,8.098135
36.99889665318132,2719,1.0048538,8.043485
39.1156462585034,2646,0.6102243,8.356053
35.23736009262833,2591,1.1356468,7.839765
33.229085222830335,2558,1.2007028,8.197024
36.045597484276726,2544,0.5230789,8.078792
42.84029937459417,58522,0.8259879,8.341294
40.331119660140274,139587,-1.8514453,8.095623
31.030398736675878,2533,-1.2769889,8.651831
42.75391409072662,2491,0.07557773,8.821128
38.33679833679834,2405,-1.2505447,8.642666
41.49203688181056,2386,-0.5417048,8.743201
42.046470062555855,2238,-0.9270343,8.736909
33.9622641509434,2226,0.38927943,8.76968
35.2309846010266,2143,-1.2711996,8.327316
39.833593343733746,1923,-1.5392663,5.0581045
39.10323253388947,1918,-2.3525922,7.0128746
30.601383714741885,1879,-1.4825741,7.8211994
40.55067329354911,58147,0.21709438,8.420681
34.72222222222222,1872,-0.9359734,8.454038
38.66967305524239,1774,0.1409388,8.665008
46.00827912477824,1691,-0.14031647,8.861121
36.29179331306991,1645,0.27337605,8.214909
41.40526976160602,1594,-1.8722489,5.988678
46.20733249051833,1582,-1.8148942,6.507657
42.7644386761843,1541,-1.7177446,7.704896
52.82767797737858,1503,0.14370026,8.40541
51.61290322580645,1426,0.20265247,8.372191
42.66126519164849,57762,0.60718817,8.477262
45.05263157894737,1425,-0.07914307,8.235046
52.330335241210136,1223,0.44008267,8.533896
43.02229562345169,1211,0.14167313,8.196248
42.68502581755594,1162,-0.49780178,8.233305
56.52591170825336,1042,-1.0901465,8.609868
40.215611829043155,57418,-0.044109568,8.41071
42.090999857366995,56088,0.27445662,8.359675
43.17531485227915,54867,0.10253171,8.560368
40.78012230731089,54453,-0.8180197,8.75645
45.195369296744154,54333,0.06382447,8.2947645
41.789638932496075,54145,-0.38107055,8.5866585
41.89718088827544,52889,-0.14553076,8.437127
48.59643075980392,52224,-0.36772108,8.174255
41.157067938587126,126423,-0.09370547,8.605069
40.0158785484683,51642,-1.1172969,8.171304
41.43359735843865,50879,-0.37066287,8.403745
43.32176245512998,50702,-1.0896499,8.44191
41.47637912842667,50231,-0.38691214,8.808603
40.72845018301758,49722,-0.42557937,8.409149
39.45414935248316,49574,-0.65796953,8.499268
41.359905737038844,49224,-0.20901279,8.536073
45.614790219106766,48789,-0.07559264,8.343503
41.665122980343725,48585,-0.209925,8.924362
41.624375996851505,48277,-0.6216361,8.770305
42.308177574304715,110962,-0.7362602,8.414072
44.409245326274984,47981,-0.8380709,8.436148
40.43400316851497,47972,0.4218949,8.166367
42.36568649126686,45230,-0.5962006,8.206695
41.82031474800239,45179,-0.4919841,8.862569
41.15229993558847,45023,-0.56980455,8.1182
42.13002163891241,42516,-0.16340452,8.532354
41.7353610005685,42216,-1.5156888,7.2731166
42.08495128284537,41977,-0.63690895,8.173275
38.634139179798375,40868,-0.9835752,8.069668
41.02488732118362,40824,-0.4417622,8.36667
44.32710117786715,97719,-0.49341527,8.093484
43.04637419871795,39936,-1.057281,8.121029
43.11413761561134,39356,-0.95797384,8.254105
40.8233231943084,38794,-0.44086623,7.978892
46.55268389662028,37725,-0.359055,8.239505
41.50500959283735,37528,-0.8566661,7.9795256
39.17873223866915,37089,-0.27274063,8.136557
43.373363038635006,36806,-0.4475304,8.670532
38.371868180437005,36201,-0.41791227,8.491834
39.96699485343477,35752,-0.54718494,8.208214
43.620964061926124,89849,-0.86431575,8.373
50.246628460639236,35073,-0.2580844,8.488889
51.47903503733487,34820,-0.8270154,8.0502405
40.51151043632247,34447,-1.188506,8.3644905
41.34890300057182,33227,-0.6370459,8.277985
42.46092691300027,33207,-1.0308914,7.973838
42.52759518789532,32252,-0.49943513,8.255391
42.34296194406236,30534,-1.0486615,8.23863
42.16269515201315,30425,-1.4556701,8.2888565
41.559212478976356,30323,-0.30671343,8.308628
37.88393630488374,30018,-0.96262515,8.173471
43.58090034716294,87855,-1.2264104,7.919874
39.43739279588336,29150,-1.5639111,8.053595
45.47966974125125,28947,-0.9928021,8.134771
41.14261797635241,28671,-1.0594631,8.186497
42.013052734443164,28653,-2.0606117,7.1287766
49.70441761312744,27911,-1.634756,8.00515
40.56775888491571,27406,-2.1324344,5.9067516
40.728855446128875,27111,-1.2332847,7.8804264
40.35664180757587,27086,-1.5423405,7.512003
44.23019207683073,26656,-1.3575056,7.9671893
43.925585599156435,26554,-1.1170819,7.81484
40.34761018001242,85383,-1.1732521,7.8260155
40.99981064192388,26405,-1.4252689,8.043766
42.238664390058815,26355,-2.013088,7.0546365
46.75073113297125,26329,-1.3264625,7.6947055
39.28076359459781,25249,-1.4645234,7.892816
40.99682972831975,24919,-1.4197513,7.161233
40.00502891626854,23862,-2.0628667,7.2449307
41.68921203922895,23656,-1.7468793,7.4556704
42.77413058907026,22544,-1.9060009,6.5646014
41.61501841372496,22266,-1.9246756,6.690475
43.376588267099216,22194,-1.8205255,7.607282
42.61579481371369,84762,-1.5907464,8.305183
47.024189867640345,21910,-1.797727,7.8302836
41.84780079124971,21485,-0.9688453,7.8440013
42.844923014994464,19874,-1.9154843,7.7390018
41.947989016314004,18573,-1.994013,7.5825057
42.94223728072572,18299,-1.6382443,7.1846766
43.11503638282508,18003,-2.0969996,7.2818303
40.54746187115866,17572,-1.9893326,5.86154
42.48575084331743,17194,-1.8928996,7.2465625
40.66189728377828,17193,-1.4751905,5.3771257
39.83677782996712,17032,-2.080977,6.352126
57.12043938799529,2549,-2.0683522,6.778688
45.17997517583782,2417,-2.0590422,6.6527686
52.378892733564015,2312,-1.8819662,5.525528
54.58392101551481,2127,-1.7479186,5.277072
58.012170385395535,1972,-2.250694,6.247065
32.19814241486068,1938,-2.0098884,5.9203286
51.76606832657788,1727,-2.1581445,6.3053575
49.91222937390287,1709,-1.9181956,5.410986
44.12811387900356,1686,-2.234295,6.3594127
48.4256926952141,1588,-2.026365,6.1018467
